40.1150865, -88.2307355
40.1150868333, -88.2307355
40.1150873333, -88.230736
40.1150878333, -88.2307356667
40.1150883333, -88.2307358333
40.1150885, -88.2307358333
40.115089, -88.230736
40.115089, -88.2307356667
40.1150891667, -88.230735
40.1150893333, -88.2307345
40.1150896667, -88.2307333333
40.1150901667, -88.2307325
40.1150903333, -88.2307318333
40.1150906667, -88.2307308333
40.1150911667, -88.23073
40.1150918333, -88.2307291667
40.1150925, -88.2307283333
40.1150928333, -88.2307273333
40.1150935, -88.2307265
40.1150943333, -88.2307251667
40.1150951667, -88.2307238333
40.1150956667, -88.2307226667
40.1150961667, -88.2307215
40.1150968333, -88.230721
40.1150973333, -88.2307203333
40.1150975, -88.2307203333
40.1150976667, -88.2307203333
40.1150976667, -88.2307221667
40.1150976667, -88.2307231667
40.115098, -88.2307256667
40.1150988333, -88.2307266667
40.1150996667, -88.2307285
40.1151023333, -88.2307293333
40.1151021667, -88.2307276667
40.115105, -88.230728
40.1151066667, -88.2307321667
40.1151101667, -88.2307321667
40.1151118333, -88.2307263333
40.1151121667, -88.2307231667
40.1151248333, -88.2307165
40.1151251667, -88.2307183333
40.115128, -88.2307146667
40.1151325, -88.2307081667
40.115133, -88.2307071667
40.1151321667, -88.2307121667
40.1151311667, -88.2307153333
40.1151213333, -88.230719
40.1151158333, -88.230725
40.1151098333, -88.2307328333
40.1151065, -88.2307421667
40.1151056667, -88.2307561667
40.1151075, -88.2307506667
40.1151106667, -88.2307525
40.1151118333, -88.230765
40.1151163333, -88.2307775
40.1151213333, -88.2307685
40.1151238333, -88.2307641667
40.1151323333, -88.2307663333
40.1151296667, -88.2307675
40.1151265, -88.2307681667
40.1151266667, -88.2307653333
40.1151276667, -88.2307636667
40.1151288333, -88.2307631667
40.1151276667, -88.2307576667
40.1151283333, -88.2307508333
40.1151231667, -88.2307433333
40.1151221667, -88.2307418333
40.1151228333, -88.2307398333
40.1151226667, -88.2307416667
40.1151175, -88.2307433333
40.1151168333, -88.2307426667
40.1151165, -88.2307433333
40.115116, -88.2307463333
40.115116, -88.2307453333
40.1151178333, -88.2307416667
40.1151183333, -88.2307391667
40.1151196667, -88.2307385
40.1151173333, -88.2307391667
40.115114, -88.2307388333
40.115115, -88.2307351667
40.115116, -88.2307295
40.1151156667, -88.2307301667
40.11511, -88.2307221667
40.1151056667, -88.230721
40.1151086667, -88.2307195
40.1151135, -88.2307171667
40.1151156667, -88.230714
40.1151115, -88.2307108333
40.1151061667, -88.2307096667
40.1151058333, -88.230705
40.1151053333, -88.2307035
40.1151033333, -88.2307071667
40.1151021667, -88.2307098333
40.115103, -88.2307023333
40.1151036667, -88.230704
40.1151036667, -88.2307051667
40.1151026667, -88.2307021667
40.1151036667, -88.2306995
40.1151045, -88.2307003333
40.1151058333, -88.230703
40.1151036667, -88.2307025
40.1151025, -88.2307025
40.1151031667, -88.2307016667
40.1151025, -88.2307003333
40.115103, -88.2307003333
40.1151063333, -88.2306956667
40.1151071667, -88.2306938333
40.1151093333, -88.2306975
40.1151085, -88.230695
40.1151093333, -88.2306896667
40.1151125, -88.2306863333
40.1151143333, -88.2306821667
40.1151148333, -88.230677
40.1151138333, -88.2306755
40.1151158333, -88.2306758333
40.1151185, -88.2306723333
40.1151185, -88.2306576667
40.1151178333, -88.2306451667
40.1151151667, -88.2306361667
40.1151163333, -88.2306351667
40.1151148333, -88.2306388333
40.1151163333, -88.2306423333
40.1151175, -88.2306478333
40.1151158333, -88.2306498333
40.115115, -88.230653
40.115116, -88.2306513333
40.1151168333, -88.2306518333
40.1151131667, -88.2306608333
40.1151108333, -88.2306593333
40.1151101667, -88.2306575
40.1151096667, -88.2306643333
40.1151086667, -88.2306581667
40.1151063333, -88.230654
40.1151063333, -88.2306465
40.1151048333, -88.2306416667
40.115117, -88.2306313333
40.115113, -88.2306188333
40.1150975, -88.230614
40.115097, -88.2306006667
40.1150861667, -88.2305866667
40.1150746667, -88.2305745
40.1150668333, -88.2305513333
40.1150613333, -88.2305453333
40.115053, -88.230534
40.1150468333, -88.2305328333
40.1150371667, -88.2305278333
40.1150265, -88.2305231667
40.1150141667, -88.2305083333
40.1150066667, -88.2305071667
40.114997, -88.2305088333
40.1149878333, -88.2305126667
40.1149768333, -88.2305126667
40.1149701667, -88.2305153333
40.1149623333, -88.2305193333
40.1149611667, -88.2305226667
40.1149591667, -88.2305248333
40.1149525, -88.2305256667
40.1149488333, -88.2305246667
40.1149411667, -88.2305255
40.1149361667, -88.2305255
40.1149266667, -88.2305245
40.114918, -88.230524
40.114911, -88.230525
40.1149036667, -88.2305255
40.1148921667, -88.2305231667
40.1148833333, -88.230519
40.1148728333, -88.2305143333
40.114866, -88.2305078333
40.1148555, -88.2305068333
40.114847, -88.2305068333
40.1148363333, -88.2305048333
40.1148278333, -88.2305028333
40.1148183333, -88.2305011667
40.1148068333, -88.2304981667
40.1147946667, -88.2304971667
40.1147831667, -88.2304975
40.1147716667, -88.230497
40.1147553333, -88.2304938333
40.1147385, -88.2304935
40.1147246667, -88.2304911667
40.1147131667, -88.230485
40.1147006667, -88.2304845
40.1146875, -88.2304898333
40.114673, -88.2304976667
40.1146601667, -88.2305026667
40.1146461667, -88.2305078333
40.114633, -88.2305106667
40.1146183333, -88.2305125
40.1146043333, -88.2305161667
40.1145898333, -88.2305205
40.1145763333, -88.2305228333
40.1145638333, -88.2305268333
40.1145501667, -88.2305315
40.1145365, -88.2305366667
40.1145248333, -88.2305408333
40.1145136667, -88.2305451667
40.1145036667, -88.2305465
40.114493, -88.2305465
40.1144826667, -88.2305448333
40.1144721667, -88.2305446667
40.1144601667, -88.2305446667
40.1144485, -88.2305441667
40.1144406667, -88.2305433333
40.114433, -88.2305431667
40.1144223333, -88.2305426667
40.11441, -88.2305446667
40.1143993333, -88.2305451667
40.114388, -88.2305428333
40.1143775, -88.2305441667
40.1143651667, -88.2305431667
40.1143543333, -88.230541
40.1143435, -88.2305391667
40.1143326667, -88.2305363333
40.114321, -88.2305346667
40.1143106667, -88.2305331667
40.1143015, -88.2305296667
40.114289, -88.2305258333
40.114277, -88.2305233333
40.1142655, -88.230524
40.1142528333, -88.2305233333
40.1142413333, -88.230525
40.114229, -88.230528
40.1142215, -88.230528
40.1142131667, -88.2305295
40.1142015, -88.2305346667
40.1141916667, -88.2305348333
40.1141811667, -88.230535
40.1141735, -88.230538
40.1141665, -88.2305446667
40.1141583333, -88.2305565
40.1141515, -88.2305695
40.1141488333, -88.2305836667
40.1141463333, -88.2305978333
40.1141418333, -88.2306121667
40.1141346667, -88.2306243333
40.114126, -88.2306373333
40.114118, -88.2306523333
40.1141101667, -88.2306675
40.1141065, -88.2306815
40.114102, -88.230694
40.1140985, -88.2307081667
40.1140931667, -88.2307226667
40.1140885, -88.2307401667
40.1140828333, -88.2307531667
40.114078, -88.2307658333
40.114075, -88.2307788333
40.1140708333, -88.2307923333
40.1140675, -88.2308088333
40.1140651667, -88.2308241667
40.1140646667, -88.2308403333
40.1140631667, -88.2308553333
40.1140608333, -88.2308688333
40.114059, -88.230882
40.1140538333, -88.230892
40.114049, -88.2309023333
40.1140441667, -88.2309128333
40.1140418333, -88.2309235
40.1140385, -88.230939
40.1140336667, -88.2309498333
40.1140293333, -88.2309628333
40.1140243333, -88.2309793333
40.1140206667, -88.2309936667
40.1140168333, -88.2310068333
40.1140125, -88.2310196667
40.1140101667, -88.2310311667
40.1140066667, -88.2310448333
40.114004, -88.2310563333
40.1140016667, -88.2310666667
40.1140005, -88.2310788333
40.1140008333, -88.2310933333
40.113999, -88.231103
40.113998, -88.2311155
40.1139963333, -88.2311293333
40.1139961667, -88.2311431667
40.1139938333, -88.2311496667
40.1139913333, -88.2311583333
40.1139893333, -88.2311728333
40.1139883333, -88.231184
40.1139891667, -88.2311941667
40.1139903333, -88.2312088333
40.1139905, -88.2312235
40.1139905, -88.2312368333
40.1139898333, -88.2312508333
40.1139913333, -88.2312655
40.1139913333, -88.2312773333
40.1139915, -88.231292
40.1139926667, -88.2313105
40.113994, -88.2313275
40.1139961667, -88.2313451667
40.1139973333, -88.2313611667
40.1139968333, -88.2313771667
40.1139951667, -88.2313946667
40.1139918333, -88.2314103333
40.1139901667, -88.2314251667
40.1139895, -88.2314445
40.11399, -88.23146
40.11399, -88.2314771667
40.1139908333, -88.2314935
40.113989, -88.2315078333
40.1139868333, -88.231523
40.1139865, -88.2315365
40.1139845, -88.23155
40.1139793333, -88.2315658333
40.1139861667, -88.231595
40.113985, -88.2316088333
40.113982, -88.2316196667
40.113987, -88.231638
40.1139891667, -88.231654
40.1139938333, -88.2316726667
40.1139946667, -88.2316866667
40.113993, -88.2317031667
40.1139901667, -88.231714
40.1139908333, -88.2317205
40.1139948333, -88.2317328333
40.1139986667, -88.2317473333
40.1139965, -88.2317598333
40.1139973333, -88.2317825
40.1139858333, -88.2318063333
40.1139728333, -88.2318286667
40.1139716667, -88.231859
40.1139731667, -88.2318926667
40.1139733333, -88.2319256667
40.113971, -88.2319421667
40.1139658333, -88.2319531667
40.113956, -88.2319545
40.1139435, -88.2319593333
40.1139386667, -88.2319685
40.1139301667, -88.23198
40.113924, -88.2319895
40.1139171667, -88.2319955
40.1139138333, -88.232007
40.1139078333, -88.2320108333
40.1139015, -88.2320135
40.1138993333, -88.2320148333
40.1138955, -88.232017
40.1138878333, -88.2320145
40.1138806667, -88.232023
40.1138745, -88.232032
40.1138711667, -88.2320395
40.113863, -88.2320476667
40.1138575, -88.2320536667
40.1138543333, -88.23206
40.1138453333, -88.232067
40.1138351667, -88.2320763333
40.1138275, -88.232081
40.1138165, -88.2320806667
40.1138073333, -88.2320815
40.113799, -88.232083
40.113781, -88.2320803333
40.1137656667, -88.2320776667
40.113752, -88.2320745
40.1137328333, -88.2320718333
40.113719, -88.2320678333
40.1137091667, -88.232068
40.1137041667, -88.2320695
40.1136943333, -88.2320738333
40.1136858333, -88.23207
40.1136776667, -88.2320616667
40.113668, -88.2320558333
40.1136583333, -88.2320493333
40.1136505, -88.2320423333
40.1136428333, -88.232037
40.1136321667, -88.2320343333
40.1136188333, -88.2320316667
40.1136085, -88.2320281667
40.1135965, -88.2320253333
40.1135845, -88.2320206667
40.1135661667, -88.2320141667
40.1135526667, -88.232005
40.1135448333, -88.2319965
40.1135343333, -88.231987
40.1135303333, -88.2319768333
40.1135226667, -88.2319685
40.1135163333, -88.231961
40.1135128333, -88.2319483333
40.1135096667, -88.2319331667
40.1135068333, -88.2319181667
40.113505, -88.231903
40.1134998333, -88.2318938333
40.1134956667, -88.231885
40.1134926667, -88.2318725
40.1134903333, -88.2318603333
40.1134905, -88.2318505
40.1134838333, -88.2318391667
40.1134735, -88.2318288333
40.1134623333, -88.2318163333
40.1134568333, -88.2318068333
40.1134528333, -88.2317968333
40.1134468333, -88.231792
40.1134431667, -88.2317868333
40.1134371667, -88.231785
40.1134296667, -88.231787
40.1134241667, -88.2317845
40.1134196667, -88.2317805
40.1134131667, -88.2317711667
40.1134063333, -88.2317666667
40.1134015, -88.2317578333
40.1133976667, -88.2317398333
40.113393, -88.231726
40.11339, -88.2317125
40.1133941667, -88.2316953333
40.113402, -88.2316783333
40.1134083333, -88.2316643333
40.1134121667, -88.2316445
40.1134171667, -88.2316251667
40.113423, -88.2316075
40.113427, -88.2315923333
40.1134275, -88.2315733333
40.113431, -88.2315548333
40.1134383333, -88.2315391667
40.1134415, -88.2315223333
40.113442, -88.2315065
40.1134423333, -88.231491
40.1134395, -88.2314753333
40.1134336667, -88.231459
40.1134308333, -88.2314488333
40.1134231667, -88.2314301667
40.1134185, -88.2314135
40.1134135, -88.2314015
40.1134065, -88.231388
40.113399, -88.2313721667
40.1133915, -88.2313571667
40.1133841667, -88.2313441667
40.1133778333, -88.2313301667
40.1133736667, -88.2313141667
40.1133706667, -88.2312965
40.113366, -88.2312813333
40.1133665, -88.2312636667
40.1133681667, -88.2312446667
40.1133703333, -88.231224
40.1133706667, -88.2312021667
40.1133736667, -88.231181
40.1133725, -88.2311631667
40.1133731667, -88.2311453333
40.113373, -88.2311226667
40.1133728333, -88.2311041667
40.1133728333, -88.2310855
40.1133723333, -88.2310715
40.1133708333, -88.2310585
40.1133711667, -88.2310453333
40.113368, -88.231036
40.1133656667, -88.2310265
40.1133635, -88.2310163333
40.1133568333, -88.2310063333
40.1133533333, -88.2309948333
40.1133491667, -88.2309865
40.1133445, -88.2309775
40.113342, -88.2309703333
40.1133415, -88.2309598333
40.1133403333, -88.2309463333
40.1133431667, -88.2309295
40.1133431667, -88.230917
40.1133431667, -88.2309038333
40.113342, -88.2308858333
40.1133423333, -88.230867
40.1133408333, -88.2308468333
40.1133415, -88.2308273333
40.1133433333, -88.2308063333
40.1133426667, -88.2307908333
40.1133398333, -88.2307761667
40.1133396667, -88.2307613333
40.1133406667, -88.2307436667
40.1133425, -88.2307231667
40.11334, -88.230703
40.1133366667, -88.2306855
40.1133353333, -88.2306698333
40.1133303333, -88.2306575
40.113326, -88.2306446667
40.1133235, -88.2306345
40.1133231667, -88.2306221667
40.1133206667, -88.2306098333
40.113318, -88.2305955
40.1133183333, -88.2305838333
40.1133181667, -88.2305701667
40.1133186667, -88.230553
40.1133185, -88.2305348333
40.1133148333, -88.2305245
40.1133093333, -88.2305133333
40.1133081667, -88.2305056667
40.1133026667, -88.2304996667
40.1132963333, -88.230497
40.11329, -88.2304946667
40.1132821667, -88.2304898333
40.113281, -88.2304883333
40.1132781667, -88.230486
40.1132788333, -88.2304861667
40.113274, -88.2304858333
40.1132696667, -88.2304806667
40.1132673333, -88.2304748333
40.1132575, -88.2304681667
40.1132493333, -88.2304668333
40.1132376667, -88.2304648333
40.1132306667, -88.2304603333
40.113223, -88.2304575
40.1132146667, -88.2304551667
40.1132058333, -88.2304533333
40.1131981667, -88.2304528333
40.113192, -88.2304535
40.1131823333, -88.2304533333
40.1131743333, -88.2304511667
40.1131665, -88.23045
40.1131605, -88.2304476667
40.1131526667, -88.2304431667
40.11314, -88.2304375
40.1131268333, -88.2304308333
40.1131086667, -88.2304236667
40.1130911667, -88.2304163333
40.113079, -88.230412
40.1130663333, -88.2304051667
40.1130576667, -88.2303965
40.1130466667, -88.2303846667
40.1130361667, -88.2303733333
40.1130245, -88.230366
40.1130128333, -88.2303601667
40.1130013333, -88.2303531667
40.1129943333, -88.2303466667
40.1129866667, -88.2303348333
40.112985, -88.2303223333
40.112988, -88.2303046667
40.112991, -88.2302911667
40.1129913333, -88.2302813333
40.112992, -88.2302656667
40.1129895, -88.2302558333
40.1129883333, -88.230241
40.1129848333, -88.2302258333
40.1129828333, -88.2302076667
40.1129793333, -88.2301901667
40.1129706667, -88.2301745
40.1129638333, -88.2301625
40.1129605, -88.230149
40.1129571667, -88.2301366667
40.112956, -88.2301221667
40.112954, -88.2301123333
40.1129496667, -88.2301008333
40.1129458333, -88.2300876667
40.1129443333, -88.2300733333
40.112944, -88.2300573333
40.1129445, -88.2300456667
40.1129438333, -88.230033
40.1129411667, -88.2300206667
40.1129366667, -88.2300108333
40.1129335, -88.2300021667
40.112932, -88.2299875
40.1129283333, -88.2299783333
40.1129255, -88.229966
40.1129225, -88.2299561667
40.1129168333, -88.2299456667
40.1129083333, -88.2299378333
40.1128996667, -88.229929
40.1128955, -88.2299188333
40.1128878333, -88.229913
40.1128905, -88.2299048333
40.112887, -88.229904
40.11288, -88.2299011667
40.1128701667, -88.2298981667
40.1128611667, -88.2298928333
40.1128523333, -88.2298908333
40.1128408333, -88.229889
40.1128305, -88.2298863333
40.1128208333, -88.229885
40.1128105, -88.2298891667
40.112801, -88.2298896667
40.1127963333, -88.2298858333
40.1127923333, -88.229886
40.1127831667, -88.2298921667
40.1127751667, -88.2298921667
40.1127668333, -88.2298918333
40.1127648333, -88.2298823333
40.1127631667, -88.2298695
40.112762, -88.2298555
40.1127616667, -88.2298418333
40.1127595, -88.2298306667
40.112754, -88.2298293333
40.1127456667, -88.2298248333
40.112742, -88.2298163333
40.1127395, -88.2298076667
40.1127361667, -88.2298006667
40.1127331667, -88.2297891667
40.1127301667, -88.2297751667
40.1127273333, -88.229764
40.1127216667, -88.2297563333
40.1127181667, -88.2297425
40.1127128333, -88.2297325
40.1127073333, -88.2297196667
40.1127016667, -88.2297098333
40.1126988333, -88.2297021667
40.1126968333, -88.2296908333
40.1126953333, -88.2296746667
40.1126915, -88.2296596667
40.1126908333, -88.2296395
40.1126875, -88.2296223333
40.1126846667, -88.229601
40.1126796667, -88.2295858333
40.1126738333, -88.2295693333
40.1126711667, -88.2295498333
40.1126695, -88.2295315
40.1126693333, -88.2295131667
40.1126683333, -88.2294951667
40.1126683333, -88.2294758333
40.1126695, -88.2294575
40.1126715, -88.2294366667
40.1126738333, -88.2294155
40.1126765, -88.229393
40.1126751667, -88.2293765
40.1126711667, -88.2293625
40.1126706667, -88.2293505
40.1126721667, -88.2293371667
40.1126758333, -88.2293253333
40.1126753333, -88.2293131667
40.1126745, -88.2293011667
40.1126806667, -88.229289
40.112692, -88.229271
40.112697, -88.2292626667
40.1127038333, -88.2292573333
40.1127068333, -88.2292518333
40.1127123333, -88.2292431667
40.1127263333, -88.2292315
40.1127411667, -88.229222
40.1127563333, -88.2292145
40.1127706667, -88.229207
40.1127841667, -88.2291988333
40.1127991667, -88.2291891667
40.1128133333, -88.2291801667
40.112824, -88.2291761667
40.1128373333, -88.22917
40.1128505, -88.2291653333
40.1128641667, -88.2291633333
40.112878, -88.229162
40.1128888333, -88.229162
40.1128993333, -88.2291608333
40.112909, -88.2291555
40.1129206667, -88.2291528333
40.1129313333, -88.2291496667
40.1129426667, -88.229147
40.1129538333, -88.2291446667
40.1129661667, -88.2291445
40.1129778333, -88.2291425
40.1129875, -88.229138
40.1129973333, -88.229133
40.113005, -88.2291276667
40.1130126667, -88.2291216667
40.1130203333, -88.2291188333
40.113034, -88.2291155
40.1130516667, -88.2291131667
40.1130691667, -88.229111
40.1130846667, -88.229109
40.1130991667, -88.2291051667
40.1131135, -88.2291013333
40.1131278333, -88.229097
40.11314, -88.2290958333
40.1131513333, -88.229096
40.1131601667, -88.2290955
40.11317, -88.2290948333
40.1131806667, -88.2290956667
40.1131918333, -88.2290956667
40.1132013333, -88.2290938333
40.1132108333, -88.229091
40.1132198333, -88.2290885
40.1132306667, -88.2290856667
40.1132413333, -88.2290843333
40.1132506667, -88.229083
40.1132621667, -88.2290838333
40.113273, -88.2290855
40.1132845, -88.2290866667
40.1132955, -88.229089
40.1133083333, -88.2290901667
40.113321, -88.2290896667
40.1133331667, -88.2290903333
40.1133451667, -88.2290906667
40.1133583333, -88.2290916667
40.11337, -88.2290925
40.1133816667, -88.2290938333
40.1133933333, -88.2290958333
40.1134061667, -88.2290978333
40.1134211667, -88.2291
40.1134351667, -88.2291021667
40.1134475, -88.2291031667
40.1134586667, -88.2291033333
40.11347, -88.2291023333
40.113483, -88.2291005
40.1134981667, -88.2290996667
40.1135118333, -88.2290985
40.1135246667, -88.2290968333
40.1135373333, -88.2290965
40.1135495, -88.2290966667
40.1135618333, -88.2290971667
40.1135741667, -88.2290975
40.1135866667, -88.2290983333
40.1135988333, -88.2290995
40.1136113333, -88.2291
40.1136226667, -88.2290996667
40.1136345, -88.2290998333
40.1136453333, -88.229099
40.113657, -88.229098
40.113668, -88.2290965
40.1136796667, -88.2290948333
40.1136905, -88.229093
40.113702, -88.2290915
40.1137131667, -88.2290915
40.1137236667, -88.2290903333
40.1137345, -88.2290895
40.1137451667, -88.2290878333
40.113757, -88.2290868333
40.1137681667, -88.2290855
40.1137766667, -88.2290821667
40.1137836667, -88.2290773333
40.1137868333, -88.2290676667
40.1137968333, -88.2290661667
40.113806, -88.2290628333
40.1138143333, -88.2290588333
40.113822, -88.2290541667
40.1138305, -88.229053
40.1138428333, -88.2290546667
40.1138545, -88.2290555
40.1138641667, -88.2290558333
40.1138758333, -88.2290595
40.1138805, -88.2290703333
40.1138813333, -88.229086
40.1138821667, -88.2291001667
40.1138921667, -88.2291088333
40.1138921667, -88.2291045
40.113895, -88.2290985
40.113901, -88.2290921667
40.1139125, -88.2290891667
40.1139268333, -88.2290903333
40.1139366667, -88.2290883333
40.1139463333, -88.2290866667
40.1139561667, -88.2290846667
40.1139671667, -88.229084
40.1139786667, -88.2290845
40.1139915, -88.2290845
40.114005, -88.2290836667
40.1140186667, -88.229083
40.1140321667, -88.2290818333
40.1140463333, -88.2290818333
40.1140603333, -88.2290823333
40.114074, -88.2290816667
40.1140885, -88.2290836667
40.1141023333, -88.2290858333
40.1141158333, -88.2290868333
40.1141295, -88.2290881667
40.1141433333, -88.2290906667
40.1141568333, -88.2290925
40.1141688333, -88.2290921667
40.1141806667, -88.229093
40.1141936667, -88.229095
40.1142061667, -88.2290966667
40.1142185, -88.2290976667
40.114233, -88.2290995
40.114246, -88.2290995
40.1142581667, -88.2290995
40.1142698333, -88.229101
40.1142813333, -88.2291038333
40.1142918333, -88.2291046667
40.1143028333, -88.2291041667
40.114315, -88.2291033333
40.1143288333, -88.2291038333
40.1143426667, -88.2291053333
40.1143548333, -88.2291071667
40.1143656667, -88.2291075
40.1143766667, -88.2291061667
40.114389, -88.2291045
40.1144016667, -88.2291026667
40.1144158333, -88.229102
40.1144278333, -88.2291028333
40.1144391667, -88.2291056667
40.1144483333, -88.2291108333
40.1144586667, -88.2291148333
40.1144706667, -88.2291138333
40.114483, -88.2291106667
40.1144951667, -88.22911
40.1145071667, -88.2291088333
40.1145195, -88.2291075
40.1145315, -88.2291051667
40.1145431667, -88.2291045
40.1145553333, -88.2291043333
40.1145685, -88.229106
40.1145806667, -88.2291085
40.1145933333, -88.2291101667
40.1146056667, -88.2291118333
40.1146181667, -88.2291138333
40.1146403333, -88.2291096667
40.1146605, -88.2291043333
40.1146763333, -88.2291016667
40.1146898333, -88.2290998333
40.11471, -88.2291028333
40.1147266667, -88.2291026667
40.1147431667, -88.2291041667
40.1147588333, -88.2291051667
40.1147723333, -88.2291063333
40.114785, -88.2291076667
40.1147966667, -88.229109
40.1148093333, -88.2291111667
40.1148211667, -88.2291115
40.114835, -88.2291108333
40.1148476667, -88.2291098333
40.1148608333, -88.2291083333
40.1148721667, -88.2291051667
40.1148843333, -88.2291023333
40.1148968333, -88.229103
40.1149095, -88.2291038333
40.1149211667, -88.229105
40.114934, -88.2291061667
40.1149441667, -88.2291063333
40.1149555, -88.229106
40.1149685, -88.2291068333
40.114981, -88.229109
40.1149963333, -88.2291103333
40.1150073333, -88.2291081667
40.1150235, -88.2291056667
40.1150378333, -88.2291038333
40.1150498333, -88.2291023333
40.115062, -88.2291013333
40.1150736667, -88.2291001667
40.1150841667, -88.2291001667
40.1150955, -88.2290995
40.1151055, -88.2290981667
40.1151178333, -88.2291013333
40.1151315, -88.2291025
40.1151431667, -88.2291021667
40.1151536667, -88.2290998333
40.115166, -88.2290966667
40.1151778333, -88.2290918333
40.1151898333, -88.2290908333
40.1151973333, -88.2290886667
40.1152051667, -88.2290868333
40.1152153333, -88.229088
40.1152248333, -88.2290893333
40.1152376667, -88.2290911667
40.1152471667, -88.229089
40.1152586667, -88.2290863333
40.1152663333, -88.2290841667
40.1152785, -88.229082
40.1152865, -88.2290775
40.115295, -88.2290825
40.1153046667, -88.2290948333
40.1153083333, -88.2291043333
40.1153115, -88.2291195
40.1153143333, -88.2291325
40.1153166667, -88.229145
40.1153181667, -88.2291595
40.1153188333, -88.229176
40.1153198333, -88.2291893333
40.1153226667, -88.2292041667
40.1153266667, -88.2292186667
40.1153286667, -88.2292351667
40.1153311667, -88.2292531667
40.115331, -88.2292691667
40.1153313333, -88.2292826667
40.1153318333, -88.2292966667
40.1153326667, -88.2293095
40.1153331667, -88.2293225
40.1153335, -88.229334
40.1153341667, -88.2293433333
40.1153351667, -88.2293518333
40.1153341667, -88.2293636667
40.1153406667, -88.229374
40.115342, -88.2293908333
40.115346, -88.2294048333
40.115347, -88.2294196667
40.1153461667, -88.2294386667
40.1153471667, -88.2294488333
40.115344, -88.229459
40.1153348333, -88.2294743333
40.1153285, -88.229489
40.1153226667, -88.2295033333
40.1153235, -88.229516
40.115327, -88.229526
40.1153303333, -88.229537
40.1153326667, -88.229546
40.1153385, -88.2295568333
40.1153406667, -88.2295743333
40.115343, -88.2295888333
40.1153463333, -88.2296015
40.1153473333, -88.2296128333
40.1153476667, -88.2296235
40.115349, -88.229634
40.1153466667, -88.22965
40.1153481667, -88.2296653333
40.1153458333, -88.2296843333
40.115347, -88.2296965
40.1153485, -88.2297096667
40.1153491667, -88.2297263333
40.1153501667, -88.2297408333
40.115353, -88.2297538333
40.1153541667, -88.2297681667
40.1153556667, -88.2297811667
40.1153563333, -88.2297961667
40.1153548333, -88.229813
40.115355, -88.2298286667
40.1153526667, -88.2298486667
40.1153513333, -88.2298728333
40.115348, -88.2298993333
40.1153473333, -88.2299155
40.1153478333, -88.2299303333
40.1153485, -88.2299456667
40.115349, -88.22996
40.1153496667, -88.2299816667
40.1153496667, -88.2300071667
40.115349, -88.2300365
40.1153523333, -88.2300503333
40.1153525, -88.2300635
40.115351, -88.2300808333
40.1153478333, -88.230102
40.1153471667, -88.2301141667
40.1153448333, -88.2301321667
40.1153458333, -88.230145
40.1153475, -88.2301583333
40.1153483333, -88.2301713333
40.1153491667, -88.2301818333
40.1153493333, -88.2301945
40.1153493333, -88.2302123333
40.1153473333, -88.2302285
40.1153391667, -88.2302491667
40.1153335, -88.2302635
40.115332, -88.230276
40.115334, -88.2302903333
40.1153311667, -88.2303135
40.1153313333, -88.2303393333
40.1153305, -88.2303553333
40.1153308333, -88.2303691667
40.1153301667, -88.2303841667
40.11533, -88.2303973333
40.1153321667, -88.2304091667
40.1153298333, -88.2304231667
40.115321, -88.2304346667
40.1153126667, -88.2304518333
40.1153008333, -88.2304711667
40.1152925, -88.2304818333
40.1152841667, -88.2304848333
40.1152743333, -88.230483
40.115264, -88.2304825
40.1152526667, -88.2304826667
40.1152421667, -88.2304788333
40.1152276667, -88.2304778333
40.1152161667, -88.2304805
40.1152036667, -88.2304768333
40.1151891667, -88.2304706667
40.115176, -88.2304676667
40.115161, -88.2304658333
40.115148, -88.2304656667
40.1151398333, -88.2304711667
40.1151336667, -88.2304866667
40.1151346667, -88.2304983333
40.1151376667, -88.2305063333
40.1151395, -88.2305121667
40.1151381667, -88.2305093333
40.1151443333, -88.2305106667
40.1151516667, -88.2305143333
40.1151576667, -88.2305136667
40.1151616667, -88.2305131667
40.1151663333, -88.2305103333
40.1151693333, -88.2305075
40.1151731667, -88.2305061667
40.1151751667, -88.2305063333
40.1151773333, -88.230505
40.1151798333, -88.2305038333
40.1151815, -88.2305038333
40.1151855, -88.230504
40.1151881667, -88.2304998333
40.115195, -88.2304906667
40.1151958333, -88.2304928333
40.1151921667, -88.2304921667
40.1151906667, -88.2304978333
40.1151878333, -88.230499
40.1151863333, -88.2305013333
40.1151918333, -88.2305293333
40.1151936667, -88.2305591667
40.1151785, -88.230563
40.1151708333, -88.2305605
40.1151648333, -88.2305603333
40.1151596667, -88.2305688333
40.1151601667, -88.2305776667
40.1151578333, -88.2305968333
40.115152, -88.2306003333
40.1151526667, -88.2306108333
40.115154, -88.2306186667
40.1151565, -88.2306311667
40.1151536667, -88.230637
40.1151518333, -88.2306381667
40.1151483333, -88.2306395
40.1151438333, -88.2306391667
40.1151381667, -88.2306428333
40.115132, -88.2306501667
40.1151255, -88.230656
40.1151276667, -88.2306656667
40.1151275, -88.2306718333
40.1151223333, -88.2306776667
40.1151261667, -88.2306721667
40.1151295, -88.2306698333
40.1151285, -88.230668
40.1151291667, -88.2306668333
40.1151296667, -88.2306658333
40.1151285, -88.2306656667
40.1151233333, -88.230664
40.1151266667, -88.230663
40.1151276667, -88.2306643333
40.1151271667, -88.2306641667
40.115124, -88.2306621667
40.1151215, -88.2306561667
40.1151195, -88.2306505
40.1151293333, -88.2306405
40.1151333333, -88.230639
40.1151346667, -88.2306443333
40.1151341667, -88.2306441667
40.1151363333, -88.2306443333
40.11514, -88.2306335
40.1151493333, -88.2306258333
40.115153, -88.2306205
40.1151576667, -88.2306196667
40.1151621667, -88.2306161667
40.1151678333, -88.230605
40.1151683333, -88.2305961667
40.1151668333, -88.2305905
40.1151631667, -88.2305858333
40.1151395, -88.23056
40.1151275, -88.2305318333
40.11512, -88.2305155
40.1151196667, -88.230512
40.1151195, -88.2305075
40.1151183333, -88.230504
40.1151176667, -88.2305021667
40.1151178333, -88.2305013333
40.115117, -88.2305021667
40.1151166667, -88.230503
40.1151156667, -88.2305043333
40.1151156667, -88.230505
40.1151148333, -88.2305053333
40.1151143333, -88.2305053333
40.1151135, -88.2305041667
40.115112, -88.2305038333
40.1151101667, -88.2305035
40.115109, -88.2305023333
40.1151086667, -88.2305016667
40.1151078333, -88.2305015
40.1151063333, -88.2305026667
40.1151066667, -88.2305038333
40.1151063333, -88.2305051667
40.1151078333, -88.2305048333
40.1151073333, -88.2305028333
40.115104, -88.2305006667
40.1151028333, -88.2304985
40.1151013333, -88.2304968333
40.1150968333, -88.2304938333
40.1150921667, -88.2304915
40.1150873333, -88.2304898333
40.1150823333, -88.2304886667
40.1150811667, -88.230491
40.1150795, -88.2304968333
40.1150793333, -88.2305026667
40.115079, -88.2305075
40.1150776667, -88.2305123333
40.1150748333, -88.230515
40.1150711667, -88.230517
40.1150681667, -88.2305178333
40.1150665, -88.230518
40.1150656667, -88.2305185
40.1150646667, -88.230518
40.115064, -88.230518
40.1150633333, -88.2305175
40.115063, -88.230518
40.1150625, -88.230518
40.115061, -88.2305171667
40.1150593333, -88.2305156667
40.115058, -88.2305136667
40.115055, -88.230513
40.1150533333, -88.2305126667
40.1150525, -88.2305123333
40.1150516667, -88.230512
40.115051, -88.2305115
40.1150501667, -88.2305111667
40.1150485, -88.2305088333
40.1150465, -88.2305076667
40.1150458333, -88.2305061667
40.1150438333, -88.2305066667
40.1150378333, -88.2305123333
40.1150386667, -88.2305148333
40.1150391667, -88.230518
40.11504, -88.2305205
40.1150415, -88.2305258333
40.1150423333, -88.2305315
40.1150428333, -88.2305345
40.1150598333, -88.2305453333
40.1150625, -88.2305446667
40.1150626667, -88.2305435
40.1150548333, -88.2305361667
40.1150518333, -88.2305321667
40.1150463333, -88.2305048333
40.1150471667, -88.2305016667
40.1150515, -88.2304975
40.1150551667, -88.2304715
40.1150291667, -88.2304476667
40.114945, -88.2304213333
40.1149066667, -88.2304168333
40.1148703333, -88.2304138333
40.114835, -88.230411
40.1146305, -88.2304343333
40.1145888333, -88.230436
40.1145498333, -88.2304373333
40.1145095, -88.2304385
40.1143918333, -88.2304423333
40.1143505, -88.230445
40.1141483333, -88.2304383333
40.1141096667, -88.2304333333
40.1140725, -88.230424
40.1137401667, -88.2304243333
40.1135758333, -88.2304303333
40.1135338333, -88.2304275
40.1134931667, -88.2304255
40.1134515, -88.2304241667
40.1132555, -88.2304158333
40.1132193333, -88.2304135
40.1131851667, -88.2304123333
40.1131556667, -88.2304126667
40.1131246667, -88.2304125
40.1130678333, -88.2304125
40.1130121667, -88.230412
40.1130106667, -88.2304138333
40.1130098333, -88.2304155
40.1130091667, -88.230417
40.1130086667, -88.2304188333
40.113006, -88.230425
40.1130053333, -88.2304266667
40.1130048333, -88.2304271667
40.113005, -88.230427
40.1130053333, -88.230427
40.1130078333, -88.2304263333
40.113009, -88.2304253333
40.1130101667, -88.2304276667
40.1129228333, -88.230441
40.1128801667, -88.2304448333
40.1128373333, -88.2304478333
40.1127928333, -88.2304505
40.1126191667, -88.2304595
40.1125753333, -88.2304601667
40.1125321667, -88.2304621667
40.1124881667, -88.2304618333
40.1124021667, -88.2304535
40.1123576667, -88.230449
40.1121306667, -88.230434
40.112086, -88.2304318333
40.1120415, -88.2304315
40.1118096667, -88.2304293333
40.1117645, -88.23042
40.1117201667, -88.2304128333
40.1114575, -88.2304196667
40.111411, -88.2304215
40.1113626667, -88.2304213333
40.1111316667, -88.2303921667
40.1109531667, -88.2303771667
40.1107328333, -88.2303981667
40.1106916667, -88.230402
40.1106523333, -88.2304003333
40.1105221667, -88.230411
40.1105073333, -88.2304131667
40.1104975, -88.2304103333
40.1105031667, -88.2304136667
40.1105058333, -88.2304136667
40.1105115, -88.2304175
40.1105131667, -88.2304185
40.1105148333, -88.2304193333
40.1105188333, -88.2304206667
40.1105186667, -88.2304206667
40.1105196667, -88.2304203333
40.1105203333, -88.2304198333
40.1105211667, -88.23042
40.110521, -88.2304205
40.1105215, -88.230422
40.1105233333, -88.2304286667
40.1105313333, -88.2304456667
40.1105316667, -88.2304483333
40.1105296667, -88.2304493333
40.1105273333, -88.23045
40.1105261667, -88.2304498333
40.1104676667, -88.2304441667
40.1104646667, -88.230442
40.110462, -88.2304408333
40.110452, -88.2304388333
40.1102465, -88.230435
40.1102088333, -88.2304316667
40.1101715, -88.2304266667
40.1101286667, -88.2304168333
40.1100828333, -88.2304045
40.1097945, -88.2303578333
40.1097481667, -88.2303476667
40.1097076667, -88.2303363333
40.1096725, -88.2303221667
40.1096298333, -88.2303146667
40.10939, -88.2303795
40.1093623333, -88.2303935
40.1093393333, -88.2304006667
40.1093056667, -88.2304005
40.1092698333, -88.230401
40.1090656667, -88.2303965
40.109017, -88.2303993333
40.108971, -88.2304018333
40.1087531667, -88.2303875
40.108711, -88.2303836667
40.1086686667, -88.2303838333
40.1086233333, -88.2303833333
40.1084366667, -88.23038
40.1083918333, -88.2303798333
40.1083471667, -88.230379
40.1081395, -88.2303863333
40.1080218333, -88.2305803333
40.10802, -88.2306286667
40.1080185, -88.2306756667
40.1080141667, -88.2307228333
40.108012, -88.2308025
40.1080095, -88.2308513333
40.1080071667, -88.2309023333
40.1080006667, -88.2309423333
40.1079943333, -88.2311791667
40.1079945, -88.231348
40.1079923333, -88.2314558333
40.1079926667, -88.2315155
40.1079885, -88.2315715
40.1079838333, -88.2318001667
40.1079838333, -88.2318038333
40.107988, -88.2318291667
40.1079953333, -88.2319018333
40.1079923333, -88.231944
40.1079881667, -88.2319918333
40.1079738333, -88.2322003333
40.1079723333, -88.2322455
40.1079685, -88.232288
40.1079681667, -88.2323353333
40.1079621667, -88.2323831667
40.107958, -88.2325921667
40.1079563333, -88.2326996667
40.1079565, -88.2327556667
40.1079548333, -88.233025
40.1079538333, -88.233071
40.1079525, -88.2331125
40.1079536667, -88.233146
40.1079563333, -88.2331728333
40.1079545, -88.2331825
40.1079563333, -88.2331913333
40.1079581667, -88.233194
40.1079663333, -88.2332108333
40.1079673333, -88.2332136667
40.1079676667, -88.2332173333
40.1079658333, -88.2332326667
40.1079653333, -88.2332366667
40.1079648333, -88.2332398333
40.1079643333, -88.233243
40.1079638333, -88.233255
40.1079635, -88.2332561667
40.107963, -88.2332568333
40.1079611667, -88.2332621667
40.107959, -88.2332675
40.107959, -88.2332753333
40.1079611667, -88.2332845
40.107963, -88.233296
40.1079631667, -88.2332963333
40.107963, -88.233296
40.1079635, -88.2332976667
40.1079655, -88.2333018333
40.1079656667, -88.2333026667
40.1079655, -88.2333026667
40.1079646667, -88.2333023333
40.1079668333, -88.2333046667
40.1079663333, -88.2333026667
40.1079651667, -88.2333011667
40.1079648333, -88.2332978333
40.1079656667, -88.2332975
40.107976, -88.2333281667
40.1079761667, -88.2333575
40.1079741667, -88.2333976667
40.1079706667, -88.2334463333
40.1079675, -88.2334985
40.1079586667, -88.2336696667
40.1079546667, -88.2337271667
40.1079496667, -88.233777
40.1079468333, -88.2340431667
40.1079388333, -88.2340756667
40.1079371667, -88.2341143333
40.1079338333, -88.2341603333
40.1079226667, -88.2343525
40.107922, -88.2343991667
40.1079216667, -88.2344411667
40.1079246667, -88.2346768333
40.1079216667, -88.2347263333
40.1079205, -88.2347798333
40.1079191667, -88.2350366667
40.107924, -88.2350943333
40.1079256667, -88.2351465
40.1079105, -88.2353971667
40.1079033333, -88.235444
40.1079031667, -88.2354968333
40.1079055, -88.235551
40.1079055, -88.2358375
40.1079076667, -88.235883
40.107899, -88.2359261667
40.1078896667, -88.2359746667
40.1078776667, -88.2361775
40.1078751667, -88.2362311667
40.1078751667, -88.2362821667
40.1078761667, -88.2364511667
40.1078776667, -88.2365153333
40.1078758333, -88.2365723333
40.107859, -88.2367273333
40.10786, -88.2367796667
40.1078668333, -88.2368385
40.1078848333, -88.2372363333
40.107873, -88.2377333333
40.1078663333, -88.2377863333
40.1078615, -88.2380326667
40.1078613333, -88.2380903333
40.1078678333, -88.2383325
40.10787, -88.238357
40.1078723333, -88.238379
40.1078745, -88.2383963333
40.1078793333, -88.2384195
40.1078365, -88.2385451667
40.1078193333, -88.238587
40.1077898333, -88.2386146667
40.107754, -88.2386195
40.1077155, -88.2386173333
40.107507, -88.2386641667
40.1074733333, -88.238672
40.1074388333, -88.2386836667
40.1074015, -88.2386891667
40.1073658333, -88.2386956667
40.1071321667, -88.2387068333
40.1070958333, -88.2387073333
40.1070206667, -88.2387113333
40.1069821667, -88.2387116667
40.1069506667, -88.2387178333
40.1067173333, -88.2387173333
40.1066736667, -88.2387171667
40.1064745, -88.2387168333
40.1063085, -88.2387245
40.1062671667, -88.2387263333
40.1061875, -88.2387276667
40.1060723333, -88.238719
40.1059546667, -88.2387196667
40.1059165, -88.2387201667
40.1057351667, -88.238717
40.105696, -88.238718
40.1056173333, -88.238722
40.1055798333, -88.2387203333
40.1055023333, -88.238722
40.1054653333, -88.2387265
40.1053175, -88.2387283333
40.1052436667, -88.238725
40.105206, -88.2387223333
40.1051683333, -88.2387203333
40.1051293333, -88.2387155
40.1050508333, -88.2387036667
40.1048948333, -88.2386993333
40.104856, -88.2386936667
40.1048185, -88.2386913333
40.1047788333, -88.2386943333
40.1046648333, -88.2387013333
40.1046281667, -88.2387015
40.1045231667, -88.238707
40.1044578333, -88.2387105
40.1044, -88.2387115
40.104365, -88.2387103333
40.1041586667, -88.2386923333
40.1040821667, -88.2386938333
40.1038895, -88.2386933333
40.1038538333, -88.2386895
40.1037343333, -88.238688
40.1035891667, -88.238672
40.1035503333, -88.2386676667
40.1034005, -88.2386495
40.103368, -88.238641
40.1031186667, -88.2386266667
40.103082, -88.238619
40.103045, -88.2386203333
40.1030116667, -88.2386223333
40.1029765, -88.2386258333
40.1027616667, -88.2386371667
40.102731, -88.238639
40.102698, -88.2386388333
40.1026631667, -88.238637
40.1024655, -88.2386263333
40.1024348333, -88.2386236667
40.1023978333, -88.2386246667
40.1022005, -88.2386326667
40.1021653333, -88.2386336667
40.1021323333, -88.2386351667
40.1020985, -88.238635
40.1020611667, -88.2386346667
40.1020218333, -88.2386345
40.1017525, -88.23861
40.1016778333, -88.2385925
40.101568, -88.2385455
40.1015396667, -88.2385171667
40.101517, -88.238481
40.1015023333, -88.2384431667
40.1014933333, -88.2384003333
40.1014815, -88.2381291667
40.1014808333, -88.2380871667
40.1014766667, -88.2380446667
40.101474, -88.238003
40.1014668333, -88.2377816667
40.1014668333, -88.237739
40.1014668333, -88.2376946667
40.1014658333, -88.2376518333
40.1014621667, -88.2374658333
40.1014601667, -88.2374178333
40.1014605, -88.23737
40.101458, -88.2371393333
40.1014565, -88.237094
40.1014558333, -88.2370475
40.1014555, -88.2370001667
40.1014521667, -88.2367268333
40.1014488333, -88.2366805
40.1014495, -88.2366365
40.1014501667, -88.2365935
40.1014491667, -88.2365481667
40.1014355, -88.2363191667
40.1014331667, -88.2362726667
40.1014348333, -88.2362256667
40.1014355, -88.2361791667
40.1014348333, -88.2361338333
40.1014325, -88.2359075
40.1014306667, -88.235862
40.1014265, -88.235813
40.101426, -88.2357735
40.1014261667, -88.2357246667
40.1014295, -88.2356731667
40.1014316667, -88.2356208333
40.10143, -88.2355723333
40.1014295, -88.2355261667
40.101429, -88.2354816667
40.101429, -88.2354368333
40.1014281667, -88.2353968333
40.101423, -88.2353075
40.1014225, -88.2352611667
40.1014221667, -88.2350821667
40.101424, -88.2350395
40.1014243333, -88.2349976667
40.1014225, -88.2349551667
40.1014185, -88.2347485
40.101419, -88.2347083333
40.1014173333, -88.2346685
40.1014178333, -88.2346221667
40.1014191667, -88.234534
40.1014188333, -88.2344483333
40.1014186667, -88.2344053333
40.1014193333, -88.2343596667
40.1014196667, -88.2343128333
40.1014206667, -88.2342631667
40.1014286667, -88.2341658333
40.1014348333, -88.2341228333
40.1014396667, -88.2340821667
40.1014433333, -88.2340438333
40.1014475, -88.2340068333
40.1014526667, -88.2339651667
40.1014575, -88.233922
40.101461, -88.2338793333
40.1014698333, -88.2337951667
40.1014758333, -88.2337501667
40.1014801667, -88.2336865
40.1014803333, -88.2336655
40.1014878333, -88.233617
40.1014976667, -88.2335861667
40.1015141667, -88.2335526667
40.1015855, -88.2334315
40.1016191667, -88.2334131667
40.1016571667, -88.2334021667
40.1016945, -88.2334
40.101887, -88.2333876667
40.1019266667, -88.2333868333
40.1019671667, -88.2333858333
40.1022176667, -88.2333881667
40.1022551667, -88.2333856667
40.1022943333, -88.2333823333
40.1023316667, -88.2333793333
40.1024051667, -88.2333746667
40.10244, -88.2333755
40.102537, -88.2333698333
40.1027003333, -88.2333773333
40.1027341667, -88.233377
40.1027668333, -88.2333765
40.1028015, -88.2333753333
40.1028691667, -88.2333796667
40.1029051667, -88.2333781667
40.1029398333, -88.2333761667
40.1029746667, -88.2333746667
40.1030088333, -88.233373
40.1030433333, -88.2333728333
40.1030803333, -88.2333725
40.103116, -88.2333741667
40.1031523333, -88.2333726667
40.1031888333, -88.2333721667
40.1032283333, -88.233377
40.103266, -88.2333801667
40.1033025, -88.2333795
40.1033406667, -88.2333793333
40.1033786667, -88.2333786667
40.1034163333, -88.2333776667
40.1034521667, -88.2333791667
40.1034896667, -88.2333783333
40.1035256667, -88.2333788333
40.1035928333, -88.233382
40.1036275, -88.2333836667
40.1036623333, -88.2333848333
40.103698, -88.2333853333
40.1037331667, -88.2333868333
40.103768, -88.2333858333
40.1039786667, -88.2333756667
40.1040801667, -88.2332623333
40.1040875, -88.2332191667
40.104095, -88.2331763333
40.1040995, -88.2331321667
40.1040926667, -88.2328836667
40.1040886667, -88.2328446667
40.1040861667, -88.2328026667
40.104083, -88.2327568333
40.1040783333, -88.2325911667
40.104079, -88.2325391667
40.1040803333, -88.2324958333
40.1040831667, -88.232452
40.1041058333, -88.232252
40.1041135, -88.2322066667
40.1041155, -88.2321613333
40.1041248333, -88.2319368333
40.1041286667, -88.2318826667
40.1041273333, -88.2318253333
40.1041283333, -88.231579
40.1041286667, -88.2315293333
40.1041301667, -88.2314783333
40.1041331667, -88.2314343333
40.1041466667, -88.2312375
40.104146, -88.2311963333
40.104144, -88.2311558333
40.1041436667, -88.2311111667
40.1041665, -88.2309218333
40.104172, -88.2308753333
40.1041743333, -88.2308261667
40.1041761667, -88.2307738333
40.1041773333, -88.2305935
40.1041758333, -88.2305735
40.104171, -88.2305468333
40.1041723333, -88.2305151667
40.104172, -88.2304878333
40.1041778333, -88.2304553333
40.1043318333, -88.2302683333
40.1043771667, -88.2302583333
40.1044196667, -88.2302533333
40.1044628333, -88.2302501667
40.1046698333, -88.2302373333
40.1047143333, -88.230235
40.104755, -88.2302335
40.1049948333, -88.2302571667
40.105043, -88.23026
40.1050886667, -88.2302623333
40.1051358333, -88.2302623333
40.105183, -88.2302678333
40.1052828333, -88.2302593333
40.1053171667, -88.2302506667
40.1053463333, -88.2302253333
40.105363, -88.2301851667
40.1053693333, -88.2300446667
40.1053701667, -88.2300013333
40.105372, -88.2299595
40.1053711667, -88.2299196667
40.105373, -88.2297548333
40.1053685, -88.2297245
40.1053675, -88.2296855
40.1053713333, -88.2296388333
40.1053825, -88.2293933333
40.1053805, -88.2293475
40.1053823333, -88.2293058333
40.1054025, -88.2290165
40.1054233333, -88.2289626667
40.1054503333, -88.228908
40.1054628333, -88.2288883333
40.1054838333, -88.228884
40.1057221667, -88.2288693333
40.1057716667, -88.228867
40.1058163333, -88.2288656667
40.1059148333, -88.2288305
40.1059741667, -88.2288006667
40.1060336667, -88.2287991667
40.1063036667, -88.22879
40.1063476667, -88.2287933333
40.1063906667, -88.2287948333
40.1066405, -88.2288235
40.1066843333, -88.2288243333
40.106911, -88.2288313333
40.1070593333, -88.2288353333
40.1071088333, -88.2288376667
40.1073426667, -88.2288508333
40.107388, -88.2288526667
40.1074301667, -88.228856
40.1074733333, -88.2288608333
40.1076901667, -88.228866
40.1077368333, -88.2288666667
40.1077775, -88.2288653333
40.1078125, -88.2288668333
40.1078108333, -88.2287171667
40.107806, -88.228598
40.1078093333, -88.2285248333
40.1078145, -88.2284436667
40.1078258333, -88.228376
40.107911, -88.2278758333
40.1079385, -88.2277121667
40.1079708333, -88.2276483333
40.108206, -88.2273995
40.1087433333, -88.2271546667
40.1087471667, -88.2275255
40.1087513333, -88.2277123333
40.1088485, -88.2279415
40.1091878333, -88.2279285
40.1092416667, -88.2279393333
40.109396, -88.2280185
40.109442, -88.2280441667
40.1096595, -88.2282666667
40.1096951667, -88.2283188333
40.1097311667, -88.2283698333
40.1099165, -88.2285635
40.109959, -88.2285795
40.1100028333, -88.2285885
40.1100391667, -88.2286106667
40.110082, -88.2286818333
40.1100845, -88.228683
40.1100856667, -88.2286808333
40.110087, -88.2286793333
40.1100901667, -88.2286706667
40.1100901667, -88.228668
40.1100903333, -88.2286646667
40.1100903333, -88.2286623333
40.1101533333, -88.2286896667
40.11071, -88.228826
40.1107666667, -88.2288283333
40.1112408333, -88.2288501667
40.1114203333, -88.228866
40.1114646667, -88.2288666667
40.1115085, -88.2288656667
40.1115521667, -88.2288661667
40.1117633333, -88.2288716667
40.1119343333, -88.2288795
40.1121066667, -88.228899
40.1122986667, -88.2289378333
40.1123336667, -88.2289391667
40.1123673333, -88.228941
40.112474, -88.2289561667
40.11258, -88.2289536667
40.1126225, -88.2289563333
40.1126641667, -88.2289553333
40.112707, -88.2289528333
40.1128351667, -88.2289628333
40.1129111667, -88.2289691667
40.112951, -88.228969
40.1129885, -88.2289685
40.1131058333, -88.228973
40.1133815, -88.2291041667
40.113397, -88.229156
40.1134183333, -88.2293283333
40.1134206667, -88.2294256667
40.1134268333, -88.2295346667
40.1134288333, -88.2295903333
40.113433, -88.229685
40.1134351667, -88.2297386667
40.1134345, -88.2298458333
40.1134331667, -88.2299023333
40.1134321667, -88.2299581667
40.1134296667, -88.2300096667
40.1134438333, -88.230207
40.1134611667, -88.2302311667
40.1134998333, -88.2302458333
40.1135805, -88.2302586667
40.1136236667, -88.2302673333
40.1137046667, -88.2302815
40.1137246667, -88.2303166667
40.1137606667, -88.2303356667
40.1138001667, -88.230338
40.1138768333, -88.2303398333
40.114048, -88.2303475
40.1140916667, -88.2303465
40.1141651667, -88.230354
40.1142063333, -88.2303606667
40.1142181667, -88.2303641667
40.1142285, -88.230365
40.1142365, -88.230364
40.1142485, -88.230367
40.114261, -88.23036
40.114271, -88.2303638333
40.1142815, -88.2303693333
40.1143036667, -88.2303716667
40.1143313333, -88.2303783333
40.1143668333, -88.230379
40.1144456667, -88.2304043333
40.1144831667, -88.2304308333
40.1145225, -88.2304631667
40.1145681667, -88.2304935
40.1146663333, -88.2305526667
40.1147171667, -88.2305658333
40.114769, -88.2305663333
40.1148211667, -88.230566
40.1149386667, -88.2305855
40.114963, -88.2306038333
40.114987, -88.2306146667
40.114993, -88.230624
40.1149953333, -88.23062
40.1149961667, -88.2306126667
40.114997, -88.2306096667
40.1149976667, -88.2306061667
40.1149985, -88.230604
40.1150103333, -88.2305753333
40.1150161667, -88.2305688333
40.1150191667, -88.2305685
40.1150215, -88.230565
40.1150226667, -88.2305583333
40.1150226667, -88.2305548333
40.1150298333, -88.2305451667
40.115031, -88.2305405
40.1150293333, -88.2305396667
40.1150291667, -88.2305403333
40.1150286667, -88.2305358333
40.1150276667, -88.2305313333
40.1150283333, -88.2305291667
40.1150246667, -88.2305275
40.1150331667, -88.2305293333
40.1150411667, -88.2305268333
40.1150481667, -88.2305238333
40.1150493333, -88.2305146667
40.1150528333, -88.2305036667
40.115051, -88.2304941667
40.115048, -88.2304713333
40.115053, -88.2304658333
40.1150553333, -88.2304605
40.1150596667, -88.2304595
40.1150646667, -88.23046
40.1150668333, -88.2304615
40.1150671667, -88.2304628333
40.1150695, -88.2304655
40.1150716667, -88.2304658333
40.1150751667, -88.2304648333
40.115077, -88.2304626667
40.1150786667, -88.2304605
40.1150805, -88.2304585
40.115083, -88.2304581667
40.115086, -88.2304578333
40.1150868333, -88.2304563333
40.1150851667, -88.230439
40.1150836667, -88.2304321667
40.1150831667, -88.2304265
40.1150831667, -88.2304225
40.1150833333, -88.2304186667
40.1150875, -88.2304081667
40.1150856667, -88.23041
40.1150745, -88.2304153333
40.1150726667, -88.2304181667
40.1150753333, -88.2304248333
40.1150746667, -88.2304261667
40.1150743333, -88.2304233333
40.1150875, -88.2304471667
40.1150893333, -88.2304518333
40.1150896667, -88.2304533333
40.1150871667, -88.2304545
40.1150906667, -88.2304648333
40.115085, -88.2304686667
40.115083, -88.2304736667
40.1150813333, -88.2304781667
40.1150808333, -88.2304861667
40.115081, -88.2304973333
40.1150815, -88.2305078333
40.1150841667, -88.2305136667
40.1150905, -88.2305328333
40.1150906667, -88.2305453333
40.115098, -88.2305625
40.115101, -88.2305703333
40.1150985, -88.2305751667
40.115099, -88.2305785
40.1150973333, -88.2305846667
40.1150978333, -88.230586
40.1151021667, -88.2305948333
40.1151048333, -88.2305956667
40.11511, -88.2306085
40.1151135, -88.2306165
40.1151115, -88.2306236667
40.1151076667, -88.2306291667
40.1151075, -88.2306365
40.1151053333, -88.2306426667
40.1151063333, -88.230649
40.1151076667, -88.2306536667
40.1151191667, -88.2306556667
40.1151228333, -88.2306575
40.1151251667, -88.2306603333
40.1151273333, -88.2306653333
40.1151251667, -88.2306678333
40.1151258333, -88.2306676667
40.115127, -88.2306693333
40.1151275, -88.2306701667
40.1151233333, -88.2306705
40.1151238333, -88.2306731667
40.1151238333, -88.230676
40.1151233333, -88.2306781667
40.1151203333, -88.2306846667
40.1151195, -88.2306853333
40.1151186667, -88.2306863333
40.1151178333, -88.2306871667
40.1151175, -88.2306903333
40.1151166667, -88.2306915
40.1151166667, -88.2306921667
40.1151165, -88.2306928333
40.1151158333, -88.2306973333
40.1151155, -88.2306983333
40.1151153333, -88.230699
40.115115, -88.2307
40.1151135, -88.230703
40.115099, -88.2307113333
40.1150868333, -88.2307236667
40.1150886667, -88.2307236667
40.1150908333, -88.2307228333
40.1150926667, -88.2307228333
40.115094, -88.2307235
40.1150955, -88.2307241667
40.1151021667, -88.230725
40.1151025, -88.2307248333
40.1151028333, -88.2307243333
40.1151041667, -88.2307236667
40.1151116667, -88.2307111667
40.1151126667, -88.2307091667
40.1151131667, -88.230707
40.115114, -88.2307063333
40.115116, -88.230708
40.115117, -88.2307086667
40.1151241667, -88.2307073333
40.1151245, -88.2307066667
40.1151243333, -88.230705
40.1151238333, -88.2307035
40.1151236667, -88.2307041667
40.1151275, -88.2307156667
40.115128, -88.2307161667
40.1151283333, -88.2307166667
40.1151281667, -88.2307173333
40.1151281667, -88.2307176667
40.1151283333, -88.2307183333
40.115128, -88.2307185
40.1151276667, -88.2307188333
40.115128, -88.2307188333
40.1151283333, -88.2307198333
40.1151285, -88.2307208333
40.1151283333, -88.2307208333
40.1151306667, -88.2307221667
40.1151308333, -88.2307226667
40.1151258333, -88.2307281667
40.1151245, -88.2307286667
40.1151183333, -88.2307276667
40.1151123333, -88.2307355
40.1151106667, -88.2307376667
40.1151085, -88.2307413333
40.115108, -88.2307415
40.1151078333, -88.2307425
40.1151078333, -88.2307423333
40.1151076667, -88.2307425
40.115105, -88.2307398333
40.115105, -88.2307391667
40.1151041667, -88.2307383333
40.115104, -88.230738
40.1151038333, -88.2307376667
40.1151033333, -88.2307375
40.1151033333, -88.2307368333
40.1151033333, -88.230736
40.1151031667, -88.2307355
40.1151031667, -88.2307351667
40.115103, -88.2307351667
40.1151035, -88.2307338333
40.1151035, -88.2307333333
40.115104, -88.2307323333
40.1151045, -88.230732
40.1151048333, -88.2307316667
40.1151048333, -88.2307315
40.1151046667, -88.2307315
40.1151048333, -88.2307323333
40.1151035, -88.2307305
40.1151026667, -88.2307301667
40.1151018333, -88.23073
40.115101, -88.2307305
40.1150986667, -88.2307323333
40.1150978333, -88.2307333333
40.1150975, -88.230734
40.115097, -88.2307345
40.1150966667, -88.2307346667
40.1150846667, -88.2307386667
